kevinhart4real,username,followers
,me.me_19r,32
,59.03920017,2
,itz__jahir_,217
,deividpattiely,48.1k
,fra.ncisco070809,0
,graave_wiiind,105
,yahtonysantar,14
,michell.xa,"1,177"
,treydemonsss,597
,mai_ahmed_156,6
,romualdpouya,3
,fatima.ch.26,7
,adeeba_khan_8154_queen,136
,doremom903,11
,ska4428,3
,autertale,26
,esenewbezirgen,4
,maryhurt6375,0
,bonanianita,76
,zacchaeusalje,2
,ramswrupalriya,3
,punam.chandrawanshi.58,11
,___fashionblogger__,46
,govno.198,20
,chota5783,172
